VAR,Ambient_Temp,CMBW_P0,CPU1_Temp,CPU2_Temp,CPU_Diode_1,CPU_Diode_2,CPU_VDD_Curr,CPU_VDD_Volt,CUR_VDD0,FREQA_P0,FREQ_P0#CMP_CORE,FREQ_P0#CMP_PROC,Fan_1,Fan_2,Fan_3,Fan_4,Fan_Power,GPU_Power,GPU_Temp_1,GPU_Temp_2,GPU_Temp_3,GPU_Temp_4,IPS_P0#CMP_CORE,IPS_P0#CMP_PROC,M4RD_MEM,M4WR_MEM,MRD_P0,MWR_P0,Mem_Cache_Power,Mem_Proc0_Pwr,Mem_Proc1_Pwr,NOTBZE_P0,NOTFIN_P0,PCIE_Proc0_Pwr,PCIE_Proc1_Power,PWRPX_P0,PWR_APSS,PWR_FAN,PWR_GPU,PWR_MEM,PWR_P0,PWR_VCS0,PWR_VDD0,PWR_null,Proc0_Power,Proc1_Power,SLEEPCNT_P0,System_Power,TEMP_P0#CMP_CORE,TEMP_P0#CMP_PROC,TEMP_P0PEAK,UTIL_P0#CMP_CORE,UTIL_P0#CMP_PROC,VOLT_V0,VOLT_V1,CPU_Core_Temp,DIMM_Temp,Mem_Buf_Temp
46.78,0.05379409781077271,0.13391870844637765,0.18464136754960947,0.1422150147672543,0.17014875483734188,0.16197990044341978,0.17564016615364422,0.16553723252531513,0.17726061388767506,0.15593540878090015,0.00625508568500631,0.1358288643793535,0.031031977960644018,0.032190975823180513,0.03134668041101094,0.030464283874955766,0.03076686935576992,0.13966233781997878,0.12583580081464446,0.14988057798010151,0.12545487233239197,0.16255835409590685,0.09803549986434831,0.10854513965962277,0.10410913968609888,0.1463798642691013,0.09864026498634035,0.12202802770098252,0.042588581146774204,0.05190930208129113,-0.006738553928286267,0.12671561996165773,0.12768912617739117,0.14104599200808085,-0.006442185593656367,0.16175957430449828,0.17456772290349842,0.03140893679063766,0.1567213682444658,0.10105896551637558,0.18000629910442223,0.10058527311514931,0.18045744242954154,0.1746524791876992,0.1767911548238748,0.07457296751005833,-0.11951648085993305,0.16244817799929215,0.1776681621520431,0.17710189215606825,0.17960293136532587,0.10017215889109703,0.13269569100547765,0.16622751853390128,0.1691124344628475,0.17776425013117306,0.06883697941610763,0.07971331783283635
13.83,0.2854498317454222,-0.0861573526427698,0.004976979186602559,0.08508938467638077,0.10576021568403643,0.11736804480591669,-0.07340616835099517,-0.07567529703829813,-0.058217165519211286,-0.08458926617188967,0.0021872055280854116,-0.05378041695158398,0.32007719697352416,0.3212228081187213,0.32248391543589905,0.3197140568871598,0.29333619027838365,-0.026202953232927866,0.13085177229191344,0.05800584085807105,0.10460864111148624,0.04676033045459462,-0.05889748147950115,-0.0580499402098327,-0.0400190573433836,-0.0606738997909606,-0.09449916674599333,-0.09585440532731347,-0.020578596584147988,-0.005420410737859786,0.07432147988690162,-0.09456470632041605,-0.09409188201339544,0.0036889335487591208,0.09603822823361452,-0.05184826209233648,-0.024918260833989618,0.29955751199539504,-0.028324771149926528,-0.03238648518584534,-0.045920585547091185,0.059479059387486696,-0.05959801988132304,-0.024895219226862997,-0.07329033759461082,0.02178441569681028,0.0761407704029794,-0.02415284186257153,0.04177313590913852,0.048696019457232925,0.029989913975403282,-0.05726708184041599,-0.06212603775410053,-0.05342763631327811,-0.04655917235249921,0.047205071058637645,0.2591295518207604,0.23531861757624198
8.41,0.059088494490842504,0.1499811027929771,-0.057595869478184944,-0.16459878662588154,-0.1246579096842485,-0.15426061008724012,0.0896117147300073,0.0252900748809727,0.11245781027786587,0.14932989802788485,0.023268084159962177,0.034743156460988474,0.11911654412221193,0.1179015817877452,0.11084678825728818,0.12262124535854291,0.12017864112114042,-0.15208938404389818,-0.21008331796199722,-0.2128353353355298,-0.22045217813461013,-0.17153325287879284,0.2122680912033287,0.1734691043771667,-0.08369212667982258,-0.056295792308168925,0.2212134167420621,0.17104012862875698,-0.003224739437570332,0.2144750522613395,0.17885958654488535,0.1525734168005657,0.1499611227823439,0.06110135486411322,0.18080809884619423,-0.026306870770825105,-0.08847149639695795,0.1208740883093994,-0.1609450344213178,0.06479493574986639,0.104955635639041,0.1507632757719999,0.09128762278201372,-0.08807840348944011,0.07937283377922402,0.06633841139158182,-0.1737946424585016,-0.08947435193221707,-0.11652181420273391,-0.12328826418878845,-0.09834776705430348,0.19012747794287058,0.1738495817657603,-0.013004992596164796,-0.022705990704874543,-0.12009038074948136,0.05284085563116575,0.007449560844858233
6.27,0.015122679703940498,0.1615319404131682,0.02659016197121175,-0.1389457381992989,0.011729453905803322,-0.024878351054582262,0.0008842740323133369,0.08514214390663966,-0.10225930163577329,-0.16283680082399493,-0.0028689753814750765,0.06095685739785913,0.023782614445891442,0.02058372698417264,0.02105159337117937,0.020711550538115492,0.02524317153868967,0.039566629806650745,-0.02755973413678016,-0.02876028070088366,-0.03426732715662276,0.024058545720544472,-0.3014408728262946,-0.21210758007716693,0.10277008354426374,0.1510447204517494,0.24567503479924718,0.251913954850967,0.07817561712873451,0.23263758659623704,0.1267278846151898,0.24587011754755705,0.24369542747826395,0.06453969021515903,-0.06050134095432171,0.013829189234030549,0.023518454254546604,0.026906540076219006,0.04065062663433551,0.2001535678243628,-0.05864828678468467,0.010525678795570897,-0.06614042852030766,0.02332129541955284,0.03306188678867912,-0.336394004325523,0.25413086569091214,0.02381985896018611,-0.026857260923190268,-0.035455350680859185,-0.02440187243237333,-0.3112771103565324,-0.25540507823506137,0.002550251177746675,0.01605088738106559,-0.03495023654531391,0.04372710246946175,0.03742439486054157
3.74,0.1408775821847832,0.11659549116994644,0.031090364135527057,0.08589042659670476,0.040003625066645676,0.030986199977305007,-0.018470253663258607,0.10152348994284242,-0.004040349830712553,-0.006703055005203434,-0.06833232622714636,0.03358208081669776,-0.005905286267012394,-0.002346595077754658,0.006821871720812554,-0.003861843519906038,-0.10225478439593624,-0.23995806373522174,0.08255460067301847,0.007948512285609976,0.14757698116901513,-0.0010223530463466669,-0.02218620825558655,0.033641960886666,-0.2302785919907267,-0.11060660337947985,0.19450196240579,0.13079751699821598,-0.17925391177062722,-0.0014345251548242006,-0.16111040223245762,0.1436093233954216,0.14283912334461077,-0.24844055187946187,-0.2523564605209365,0.1915622091111289,-0.19474939181726708,-0.10287688803587808,-0.22779339445709376,-0.22897026496226822,-0.030475887041047537,-0.32722504582794876,0.01934968657915839,-0.19456988939373215,-0.004161593476511037,0.079425673838542,0.024124142547565723,-0.21160582562008956,0.04934964290760955,0.050827833653409364,0.048636495722282014,-0.040370190552155044,0.018095357868307682,0.17563513779706308,0.15526641543331685,0.05326503924944087,0.14303740855213673,0.14478824566373888
2.87,-0.14640600540677254,0.08818416401605464,0.008010233810348738,0.06066588788167282,-0.03708612268725275,-0.0343853792377149,-0.028090371755108867,-0.038022472471935465,0.006069909704326304,-0.04497736015290954,0.016600251158770535,0.03070655944519282,0.053346563082412486,0.05916601547073397,0.07247813328129336,0.051923554091313884,0.07165430997395206,-0.018210828342786534,0.025031218499362372,0.01639794937716071,-0.02022387556028321,0.013160776722799281,-0.1359527610838583,-0.07933348188446299,-0.03383039016691024,0.006119330472672366,0.14891477497354352,0.1147808958483428,-0.28115792835412534,-0.28494207905069213,-0.42835776993234925,0.14195485619512466,0.14229536917735075,0.16372345084951162,0.33884443047646823,-0.017752873132549883,-0.007380477905095791,0.07036293990132547,-0.01753591177147794,-0.3416014744742276,0.05885815390552221,0.31702248626583873,0.012307907067164187,-0.006657166524266205,-0.0210685268693906,0.11260631564999743,0.07233273928831015,-0.008031959257896156,0.018008491758466628,0.029505771658200054,0.01131627960507439,-0.13083387884632758,-0.05686612185840834,-0.01572978845570237,-0.005305694568149713,0.030598671601115197,-0.2296240427014415,-0.17365495807550335
2.52,0.012195679684950032,0.01974328827650896,-0.015415246365339875,-0.23918116313409146,-0.05298778165945359,-0.10776338761016421,0.08297243320730943,0.07884678750598953,0.008182155760171395,0.0414343953517216,-0.06420068270715665,0.045304514169736965,0.14805561191199437,0.1449997494204469,0.13797593332282598,0.1583268310016147,0.13625809353478588,0.13662386267350118,-0.09976184274099954,-0.06778487152025549,-0.10203031206329652,-0.09465217144537955,0.1024968071581627,0.08178834203146439,0.24197785088672083,0.10326838954942315,-0.011198479414811285,0.02005917079788308,-0.008195446341850965,-0.31264620606240595,-0.3926577375009095,-0.010153840504089295,-0.011547699053527448,-0.058433092464075555,-0.41431994157421714,0.028862024180640867,0.08335725046959948,0.12949340583299598,0.11816953471864478,-0.04178573330151877,-0.030684326485248863,-0.26891913438658727,0.00881332733832153,0.08311797599248252,0.07517323727170057,-0.21971212523796466,-0.02561737791870893,0.1011825654569243,-0.080059652349309,-0.10848854137454157,-0.06332121329558364,0.08682350928757412,0.04524550898476878,0.02734351541570754,0.02008066329894653,-0.11108208240639912,-0.050079187609089366,-0.03152577440810757
2.14,-0.08286527491150857,-0.07189752730662491,-0.049557253626757294,0.05201260584736678,-0.11260204281663007,-0.09910638462313337,-0.045840090154810414,0.2117204993146665,0.028001190508578105,-0.09047008748934525,0.0173075002933728,0.17654698377856026,0.07814181442563628,0.06606612701599174,0.07693877813703537,0.0763614242428754,0.0635136619200288,0.0678096261445891,-0.17245867321175173,-0.06953502746273077,-0.13188508994772943,-0.0348065896588484,-0.2279959911942258,0.07447719962419713,0.004966243243928347,-0.11890377741471594,-0.10491715837798152,-0.14676457231403858,0.02455689455235441,0.047962409624452265,0.16160754991797513,-0.10652365272815155,-0.10288677951991455,-0.16280422117012114,0.10124961723638762,0.3556981503823581,0.0604160523138506,0.06457463795503252,0.05192302294242587,0.029015140070524352,0.058734322254768746,-0.07135119567645834,0.0755485890368625,0.059926981656913736,-0.005155199744797747,0.28862431205266925,0.16274639319575615,0.07308273657092387,-0.07017359233378123,-0.06813261600105909,-0.027582334746431843,-0.2472068121517688,0.050465057545598095,0.32961556777196316,0.3146411291023989,-0.06362505643979087,-0.10577596563903555,-0.17090406145672077
1.85,-0.3031564700092024,0.008888692651585935,0.044686912772133144,0.076214855996532,-0.023594616453426698,-0.019433677912145425,0.03495624528862151,-0.005627222591315428,0.020982103591742948,0.052670149153491164,-0.1818654217532114,-0.022242309559085766,0.08532113251001208,0.06339185382838818,0.05776153196902738,0.07051458348654342,0.2392982656663259,-0.14081995220013813,0.18276113216674572,0.01063777418341425,0.10867942769319738,0.0418482229122509,0.024594521210892516,-0.1180264211732607,-0.3570549326061343,0.08157766177889392,-0.04964010745859268,0.0070596292777311085,0.3844982114876973,0.015627573658260834,0.036438192682575754,0.03398282676298079,0.03658862752022576,-0.0076521394942275466,-0.1516087136294348,-0.01757793754442862,-0.06834342214557534,0.21997764566208655,-0.10230598913314522,0.14054109317488347,0.0009528001132714636,-0.09872051421294137,0.01677631304659688,-0.06820981852839282,0.029029877660489666,-0.03857990330222914,-0.051829932436384084,-0.10530819087493415,0.08819968959071257,0.08169769575050807,0.0698078823106698,0.05787431100943251,-0.04991612840675148,-0.01405662939522337,-0.014288225003190344,0.08232483220264754,-0.33766444059036316,-0.36135899365406304
1.71,0.028626899390063635,-0.0008542602474277131,-0.016125455637183674,0.005624864858133155,-0.002033266855953328,0.00020401484313044976,-0.029612728367617795,-0.02395220696109094,-0.013410324145190224,-0.038903309494449784,-0.9703960836241092,0.0067228771578490415,-0.01159465880295173,-0.007659641526748917,-0.00663560672612841,-0.00949383115156302,-0.0462600655971287,0.04138273725591324,-0.001019213038351896,0.011712732336679466,-0.02119298675713374,-0.0033867290712779226,0.003818117417167274,0.06945498095308682,0.1061664338950568,-0.02418615581147517,0.026064565983676926,0.0060893252751571805,-0.04404901037065692,0.04541408435287409,0.02405257824276809,0.00037575985683133085,-0.00048327224490607185,0.006864018931217354,0.08942521828628504,-0.01316375029699191,0.020782781031289298,-0.03887642863037628,0.03013606931705257,-0.009364296241423644,-0.0053223696982241395,0.053770154595541665,-0.01464067420426223,0.020497038854596552,-0.031594695371395164,0.052572593465245204,0.03833685632904947,0.03207862525610879,-0.021961062463421794,-0.012993659787940127,-0.017860653286953007,0.00020087765165834534,0.03895678710859298,-0.013441938935295855,-0.014656690453056623,-0.014947294203200635,0.03254018979722993,0.046018879487122875
1.38,-0.1535344932033697,-0.018987596124625937,0.026820182297018283,0.009416051702442307,0.001986952864937025,-0.005879351343228312,0.009314710263593567,0.005086521325587651,-0.00357843224742721,0.016658754757021,0.006791960049850387,-0.036882339671497774,0.03142801011712143,0.028278792101566474,0.020670127050298526,0.03591298065139811,0.08970545796993386,0.06217530835008429,0.05256652713139262,0.03179303992539659,0.11841404016236562,0.08211241613557427,0.05696420158835642,0.017775589017432928,0.047298428480096334,0.016116748780539644,-0.01709333689507503,7.635998246511332e-05,-0.7945934324463712,0.2611191760018866,0.22691321369776954,-0.02188802986651694,-0.023029884114917087,-0.10847506611844515,-0.10302977651156205,-0.059091704121227925,0.022775902105862524,0.12486864641006735,0.027112122811851234,0.10036446644479478,-0.031464604965769825,-0.1297371846970492,-0.012454598146033634,0.022365742537098342,0.015139450014210997,-0.08630872148414821,-0.03541494372396693,0.052633261278133905,0.025259882091647052,0.022470617117650145,0.021993764100758897,0.05840084624765714,0.00437414752727256,-0.05465156163052448,-0.05689269045385343,0.024619990766553086,-0.13666051121875492,-0.24801012387536844
1.34,0.051125160628661244,-0.08109214301389028,0.1391879031514385,-0.19084322620201954,0.03266920595892503,-0.046297363024063565,0.22628963826530535,0.16032785007419476,0.08251327744116037,-0.0010137040139935327,-0.0810001555949191,0.24549198530946342,-0.03138948776097085,-0.03343400811634882,-0.04784740840222795,-0.05288362231776696,-0.03472856978163022,-0.15675163034904788,-0.009144084197799773,-0.17431788023158235,-0.05556113720581701,-0.04479174082313425,-0.029321582164917682,-0.00609832297539923,-0.32346389686454974,-0.004239754368797799,-0.22650707489013855,-0.13836794234056177,-0.2000067223412292,-0.11465237238186786,-0.0019943669019574016,-0.18791261828010852,-0.18643217786434124,0.29078264802866854,-0.04738025406203242,0.03463545739175935,-0.04646414893172719,-0.0260374009573976,-0.10269703322489082,0.03538245048803451,0.12359268191099858,0.19675819097751057,0.10290652604792223,-0.046235395824995855,0.2222039010570912,-0.35526474170924915,0.10824258026857424,-0.09693244500691087,0.0746856709545565,0.01629578745247945,0.08925118596692003,-0.09066444798029959,-0.078643497990628,0.04001738813036602,0.05480782126633426,0.019324809193151826,0.07111462575370546,0.09597077064985787
1.07,-0.10679193194277124,-0.0344632765666107,0.08264049235097301,0.03917824737157566,0.0051521674736707546,0.014067671843857738,-0.02185858007050892,-0.03605607203316359,-0.07704885643647225,-0.16989558442041558,0.07288368375579904,0.4008024645085931,0.00937009986961207,0.020768266567441296,0.01638213974805383,0.01070787689798569,0.01709276998058038,-0.12222827676111012,0.059409603891566104,0.07479692694485816,0.1296472252637484,0.04661038592777529,0.016175493785318292,0.5643370809053042,0.2873287648985613,-0.17173935109228466,0.09077349271511326,0.02819073947901962,0.15139946423706807,0.1326615251131769,0.01563138766949344,-0.05516136847729155,-0.06171348337523323,0.025946373641374986,0.009149387071523988,-0.09941327187079049,-0.05709339384307215,0.008524905796860775,-0.04554664555534116,-0.1552776270244016,-0.06753108291563692,0.018360636451770915,-0.07603406209965939,-0.05700419467676618,-0.02163522235698921,-0.20738245527724503,0.20482867611935923,-0.11926632231174018,0.05101301525691409,0.05208238295019043,0.06786838272005846,-0.05038127601194497,0.20195401244099406,-0.09901521149231349,-0.08015478648920532,0.05192920190920145,-0.11062268009804721,-0.08035282335265201
0.79,0.04688255760272007,-0.009469824540395817,-0.140872035286455,0.06671654254813483,-0.008103376180354054,0.04268296259507502,-0.11869073872568325,-0.14870998451014264,-0.07129730870839013,-0.002082078090562295,0.010202210410778068,0.5556625746817098,-0.035150180226625055,-0.05512088240687291,-0.0476858698737197,-0.040598441303754285,0.04547308350905388,0.14014565103830828,0.06342012234435135,-0.006457665277161274,-0.0506316305820492,-0.030867755406856982,-0.08868616045589665,0.1366662599082706,-0.3692141352277551,0.32028568127668505,-0.0733597117522805,0.02421662115722493,-0.1074691505496094,-0.18994452242229407,-0.03648277962672876,0.12820022746579468,0.13477567506613175,-0.11518413292126463,0.035345384126035814,-0.08308352551750949,0.012819382602340123,0.04281707687364471,0.03456259965388597,0.2876061871273338,-0.08028237601227507,-0.054734040150416635,-0.0793064176350621,0.013074229356274409,-0.12361120674396783,0.12654317112437508,0.0028324272578877626,0.10046573680753507,-0.051336299157458395,-0.034698479564547,-0.0823919395287314,0.02843753373392288,0.14873691142026527,-0.08341359983191954,-0.07485446136642926,-0.03946114464336509,0.06392126703603261,0.11193170115576458
0.62,0.0205110429799143,-0.05421473804780533,-0.037072364727521595,0.04016794964609584,-0.002798576474928635,-0.04278912132013858,-0.0395207173596679,-0.2560003576458275,0.00968055887331076,0.04225140022899614,0.0021379004754298325,0.15521420308930536,0.04362877574689729,0.026451394100380138,0.00966698681465993,0.01476107318339677,-0.05889172296671438,0.2736819468974048,-0.006966882477995082,-0.11359040745688948,-0.0077316475904509185,0.014667229415338157,-0.08331544689535869,-0.0545521810564612,-0.13929833889933885,-0.25772102587386614,0.04180597920924142,-0.014950031778556049,0.022015385600951086,0.32395289014385037,-0.067269292155804,0.012162736116655727,0.013401404072559978,0.4610811350052365,-0.4678633162178116,-0.024946708670005247,-0.03279257277158774,-0.0017441520551143579,-0.03748830905283487,-0.20070194888045717,0.007448412251448624,0.05729684991324103,-0.001567604385442459,-0.03255625074645367,-0.057968926015236275,0.22278425925611436,-0.07942937943585682,0.21756737770667486,-0.022518297097058656,-0.01563866580236803,-0.028890292616136164,-0.083803532733847,-0.014378892384520227,-0.021975462889429136,-0.0023024548072183683,-0.010891024470549175,0.00647268225995802,-0.029179544080001386
0.6,0.08894948530113524,-0.005051367975436604,0.023322302321207345,-0.1636909270240626,0.034517606482497645,-0.04610229226858151,0.06677676015589501,0.1692621823374287,0.029389344476958276,0.06334316932585335,-0.010733634453082008,0.17622716404124877,-0.00973653959387799,0.018694411738394145,0.0397597068188337,0.02402988721613697,-0.05353763829931696,0.34582138202156415,-0.006596925071083615,-0.07715905381800553,0.1884829395521352,0.05379685282105758,0.05236956579058563,-0.11993722260395887,-0.20027503947654113,0.052245998762295034,-0.05283634839977338,0.019066696780891085,0.14573748567423314,0.19404596420547598,0.047740940821755534,-0.017373113154321714,-0.016836244567822026,-0.32596854307370343,0.278363676052461,-0.0822265760140646,-0.022020943116308925,-0.03707327852760137,-0.017127615515485795,-0.49137956067299604,0.014464060518771592,-0.1092084676412009,0.03366661145741034,-0.022144477803917064,0.09529029417609311,-0.17714794993010108,-0.047111906342106775,0.2691031590748621,0.00860472599118099,-0.03406608163465987,-0.0003652357499398438,0.04973598485829317,-0.05402993643147262,-0.0726361064190454,-0.09703487270009707,-0.029118542375386372,0.028234758049463148,-0.10936699979967338
0.52,0.010861810257981875,-0.013895256931712032,-0.01058370061195049,0.01243163504825756,0.019745061661465786,0.03285753152158888,-0.012621893099592885,-0.04643837814855266,0.04230978169608807,0.16576111782875042,-0.02535848184381012,0.5617111479472804,-0.0035094708862744833,0.008865284800820446,0.00911769832428401,0.013634416296854772,0.019324742593550506,-0.3038527185472751,-0.0715358626533249,0.10486831598426526,-0.028196162047844215,0.018739429272234986,0.05414612785681372,-0.4335890960713498,0.3103702836370448,-0.05082662239216662,-0.0026420432873611177,-0.03572795831916431,0.0008746456383828677,0.04835821227952805,0.03404438944859933,-0.04368676085579549,-0.04522365766313843,-0.04979544734478555,-0.009802546956438517,-0.03243962655869591,0.06909092294404391,-0.0030640087301823924,0.08507647720186001,-0.08854390411036293,0.0177480797235289,-0.044031438915158455,0.026480315563433873,0.06885951466799703,-0.01388336694500862,0.09848985265052751,-0.25990391863267087,-0.2413681261028544,-0.03860703862536287,-0.0032611296803232615,-0.04650862430955498,0.036826758667299286,-0.2570393644494783,-0.025625931923489127,-0.02596209260985286,-0.002877940291747639,0.011441034952059436,-0.04313184938295364
0.43,0.09813470255645072,-0.2161737230185241,-0.07487910050390371,-0.06033403511634415,0.041697998449444384,-0.04501051056944852,-0.03313921683371057,-0.025286448960921803,0.0015572711897418878,-0.01188016131915236,0.0002102508449113305,-0.13234384330209498,-0.02987786372015727,-0.019830330081709382,-0.014303739022414524,-0.021968849417320635,0.030157125426472836,-0.26851188635416934,-0.05041304534462221,-0.13202189784426374,0.17376528685200576,0.0363308874344299,-0.10452458950997637,0.09075706538042719,0.002876820347772903,0.6124794490839842,-0.15001516960078615,-0.00786053791701305,0.012766447955361374,0.2848013370065207,-0.05339172208814781,0.02549982805899433,0.02982540477964152,0.13772943188280912,-0.07408827578782061,0.0442687338338083,0.1179676462861345,0.03354830134407949,0.16034433321776057,-0.3020039135235587,0.0022558168417860527,0.027936141044658407,-0.001810745036625432,0.11748697550533702,-0.03630900420655834,0.09553225136886229,0.022569502678150888,-0.21949603570446458,-0.04437666081484506,-0.06894666974926413,-0.05758520372193753,-0.016151122758709904,0.16075959869923942,0.04083462623327578,0.036977484397533913,-0.06701573955230039,0.04259424232989634,-0.06815891633577657
0.38,-0.02603579493581214,-0.8634407995227227,0.04097912939138331,0.0072313859924630864,-0.011676044013726844,0.00644973742419697,0.020472039935250597,0.09405901361208283,-0.000493921596881941,0.007523305909468202,0.003269704576720947,0.0071261395725858295,0.019923650234886583,0.02345939194618566,0.03533577604646697,0.030129499191364248,-0.05319193247592023,0.011361107015000961,0.007349875953802404,0.1053095386643177,-0.1350691683074807,-0.02100312656653175,0.05825636007593621,-0.04865547661170422,-0.04480244226413721,-0.1342220787863849,0.11354877115320378,0.11703107112881583,-0.004328555936705725,0.12989649785616336,-0.19641466672700572,0.15753971828055727,0.1564668127189471,-0.05064079045317511,0.08729544726587876,0.031322389890557856,-0.00012218165892413863,-0.03393837867195701,-0.0012897003450014512,0.1361909224809665,-0.0027714200645563465,-0.005480580124570689,-0.0023146395968162647,-0.00011439367478005943,0.01956264972064317,-0.08840939189413329,-0.011354456545307838,0.011703652467680868,0.011401964225582586,0.025971305673309606,0.024546104812273553,0.07314083061303381,-0.006369436045694715,0.02873979822868237,0.015887918078827522,0.021986228564148853,-0.01883754866750388,0.03705370025600664
0.33,-0.025566672989927344,0.15567529756651177,0.015865547176256444,0.07810689827553707,-0.035483273828762485,0.04066920222405608,0.02258108735576248,-0.008535378013597904,0.02650621734646303,-0.2547013824899903,0.02162995882733483,0.05859472718461856,-0.070157807001966,-0.05670884452346532,-0.048666913904055774,-0.03350732572643954,0.09426417065603104,0.02253463998482684,-0.07284852559661718,0.2262945637277784,-0.2619858060160174,-0.053038010406630864,0.3175662816726912,-0.17512869918385932,-0.052783376646240276,0.13383660232256445,-0.03869912979493633,0.049867271190712936,-0.005702167703475258,0.35052672449275113,-0.29324927524981514,-0.141500654210591,-0.14590508016513387,0.0027295958613055837,0.02819648154622669,0.031216460503879995,-0.034030485201728,0.11464991278273207,-0.05166147199578834,0.004489121680562414,0.01631096843219927,-0.03771041643214919,0.023618724490901993,-0.03359460766437603,0.015646133918350406,0.09796457977714863,0.46316781948837826,0.03337637597588851,-0.01870809727506455,0.04127766887113833,-0.023886507828055452,0.2785245695178986,-0.05182434381903396,0.03134804980693336,0.022794525466888423,0.03596652839478247,-0.001975258121587639,0.08414509696050516
0.3,0.021194441998120976,-0.0011863798168338787,0.015159404098446277,-0.06062003987835098,0.04153933097224657,0.06652751451626839,-0.003325142497259563,0.01174709178039509,0.014695962849591463,0.0928867268917315,-0.02502026505802934,-0.0832336476958381,-0.19872979789595918,-0.16516668474585572,-0.17602022674232162,-0.15552591775860983,0.39499320583939684,-0.03861314600765615,-0.13174921966123784,0.31330841254687974,-0.32031433523641617,0.3720139010311333,-0.11935982680957401,0.13682504696009437,-0.16843742153455518,-0.17346302345115308,0.014620686457631954,0.0016652856335487853,0.005673527408762827,-0.025674396205933647,0.054395459490771236,0.035334604821445514,0.03784784805791802,-0.028164822660176118,-0.050387908667404356,-0.012451765817499308,0.06949613474764943,0.27866455129811285,0.08384643450529472,-0.2241189877943542,0.004379929703380844,-0.04624321214606996,0.01036429567027793,0.07028295908022936,0.020829431719950154,-0.11801602548983521,-0.12337812496777534,-0.03626543946847684,-0.10575431163062086,-0.008562879147057665,-0.13305573363768608,-0.11546004706180005,0.03072874704916305,-0.010021113073560108,-0.013671471905530794,-0.005518226783354202,0.10659506467896057,0.052423707312822955
0.29,-0.01939972158377908,-0.21919940254586212,0.01458481081389127,0.003490336184801237,-0.0200045846717326,-0.0320275118955734,0.031073132549666177,-0.041888741562592945,0.039973169647439744,-0.163511461438935,-0.003660319007774023,0.05659839966225422,-0.11284106992866522,-0.08682899001336958,-0.13297120071553667,-0.12050909726646927,0.2530264416322465,0.09069415086875164,-0.06763877839033955,-0.05084852966527394,0.23653931231077413,-0.11722694076174214,0.1962286417419822,-0.13412246342476206,0.147261095899915,0.07410579533922274,0.13112972252962948,0.03759462616672139,-0.004177985241270998,-0.3816201953843523,0.4352982678139395,0.10820512776450408,0.10651730813531257,0.09353519257655502,-0.14044743638194063,0.05610218791622966,-0.08340282348514783,0.14139718668112955,-0.11988133037666004,-0.20816558632335502,0.026296509228260934,0.07657359852286134,0.019399654837502153,-0.08300264731113544,0.017147696243930616,0.09736341169492707,0.25222360366487795,0.0783888973653286,-0.02211114528843903,-0.009725363487305374,-0.02399891699030756,0.1714879618226293,-0.04352153850038265,0.055525276477508795,0.06692585908909898,-0.0027007780338155207,0.0609840420591474,0.014958432731803861
0.26,-0.13566118536588911,-0.002826550926720142,-0.01597219293490146,0.03833311039899398,-0.08104692724216983,0.06231296182213557,-0.03418512891134445,0.050796916547166615,-0.022894527958123884,0.1380529044368107,-0.017679843778360987,-0.009794734637556063,-0.12101500798181053,-0.0842105073602667,-0.07970428502114299,-0.12991194022469796,0.2524120962387161,0.09642509377065672,-0.22552880556187016,0.1261549997499011,0.40406445776094846,-0.40724451402115625,-0.10615653421936322,0.06143104693171915,0.08051802222524565,0.05685761119798881,0.003503973024436554,0.020041938938670192,-0.003727939055420508,0.17366181636128447,-0.23123519834306938,-0.1081333769493911,-0.112345825014801,0.013653517288137854,0.08618196970807854,0.0614268339892061,-0.1102550556729243,0.20206275878975016,-0.14507874384688393,0.11274707306560056,-0.017991398772166135,0.0492493032972382,-0.027565325354044268,-0.10943325132076533,-0.034173605618030845,-0.0805031575769798,-0.2726685721599754,0.07097563865825744,-0.01502454076688638,0.007051029454706212,-0.017405203639207292,-0.14016485147516441,-0.07724067639146273,0.05413849298733149,0.07962616034935178,0.004630461146760242,-0.029465800510220134,0.2483333006335217
0.22,-0.004570174243366809,-0.008033384298325341,-0.06220938436260364,-0.1174014062314484,-0.056783279312220464,-0.10584573858951175,-0.02445314081824105,0.11048442229008353,-0.02186609006830552,0.04908454837884757,0.022768260050522713,0.019294149338317215,-0.03631700372253782,-0.061330126458309625,-0.021231507371692472,-0.02760915709372238,0.025863138092342024,0.06964534627491355,0.7725737117974429,0.13625942830925816,-0.24814926798329015,-0.12127727562001145,-0.013403268031740544,0.03930498021903242,0.17663978223015847,0.15031098637798704,-0.012052780343554018,-0.013535909436741305,-0.012430366107335056,0.05377176196205702,0.06395833687216614,-0.047585800576816495,-0.04928044602290668,0.07403636482606664,0.0289959866238111,0.1137681208835848,-0.12090327919551261,0.045826667732621895,-0.1491758501830093,-0.09724226096511618,-0.019960823088672783,0.060386928283064134,-0.029008747573686072,-0.12233704512251785,-0.04023515738391856,-0.019741053380651297,-0.15842895738700005,0.04440580519371025,-0.10015162996655774,-0.0824598408857931,-0.11702236985160894,-0.0064302520849230105,-0.04764218001566056,0.10237713850729015,0.11193598615063967,-0.08102694709593994,0.00213169865526594,0.031560996624474834
0.2,-0.028009527343378474,-0.07907359946412387,0.06663346742970729,0.1958158848024587,0.034593176903546206,0.04954629522724104,-0.0013338997798094665,-0.030655153522981076,-0.03381796722718003,0.07180081246652845,-0.018295418297963186,-0.00158505210113679,0.07780273867227985,0.10550905156917043,0.08471838289427297,0.09339553116155958,-0.16003068310903912,0.11060621896141898,-0.3272879220753808,0.16421917021728377,-0.3003716982060449,0.17477024138955616,-0.028440067226249588,0.0766714936684303,0.09294407674873534,0.43053564824843077,0.054936150385222426,0.13103122494800123,0.0009747829830013544,-0.10360969067383725,0.13697310982056932,-0.14119186382493026,-0.14967426347935298,0.0420054434675377,-0.06495123884193593,0.013855093006791629,-0.24368118800653885,-0.09503653395844398,-0.29994253676892485,-0.0685190366246031,-0.02178243094575128,0.011417562352403219,-0.027500563751402255,-0.24307174729780034,-0.017659958761245292,-0.04941496752856567,-0.16541300740732817,0.07238660597765077,0.03355204829372043,0.11209579169710883,0.02256678816009165,-0.10093095397790526,-0.090998072194839,0.009357962555740342,0.003948846369770748,0.11210217053402875,0.008410163261743842,-0.10000806463524653
0.16,0.13013319473514928,-0.07613963234209575,0.075906292480612,0.0902580589354244,0.04293208411702682,0.04997830086162772,0.04152288069855188,-0.11415353369379012,0.0567486232518702,0.026734122801283955,-0.0012254457447392758,-0.00592531753446072,-0.0888928583448331,-0.15990076626985475,-0.11644481260110665,-0.1213441986723699,0.2619500478076936,0.02051293935548488,0.11575905953603688,-0.62011628428073,-0.18468857032321112,0.1272270498115939,-0.052195140189481126,0.00897843987513576,0.21993909614069457,0.03713989194896955,0.06245077867361997,0.10415287216269853,0.010662225105052742,0.04938592639250687,-0.1613978391748995,-0.08452553977814498,-0.09159875868952849,-0.17007470862148552,0.05606478351016592,-0.06883877221290367,-0.05696815242172688,0.12595680922943142,-0.10116776512938719,0.08499736066856746,0.058662526484296845,-0.11826494938511802,0.0797924555498132,-0.056451170884714734,0.06708204948369854,0.15229963991519688,0.0015760487792023728,0.043557946623023674,0.1577274622912797,0.03754982644221626,0.22756609965482896,-0.14607630126315838,-0.06234699385307323,-0.05763207475833644,-0.0959842648335894,0.04463312725661117,0.03557113172593618,-0.027761720117630385
0.14,0.01516075078044022,0.06509589592520144,0.05995387228668904,0.09888671965255039,-0.019778606484356576,0.07472838775720476,0.022912787159789852,0.03809649813719513,-0.05015043580963115,0.018950410203942135,-0.0074879202550047295,-0.008752381145541176,-0.018245310929142347,-0.03209470153298369,0.012357425328122049,-0.010486947486946785,0.029648552859063794,0.025149865794911616,-0.09296704920607073,0.03489331723823514,-0.2761463461017885,-0.298486753001246,-0.06304827195231189,-0.032347280605693564,0.12107000215572969,0.04124049489672234,-0.20088946543631697,-0.5605632461097348,-0.011650402955911146,0.08489936433400494,0.03120346554925039,0.32375963388076023,0.34028394354655,0.0017302235166573865,-0.011066242608441468,-0.025004645979523787,-0.05793242936349641,0.043821227737382215,-0.054129305322870275,-0.13659244752150257,-0.04918839395257302,-0.05314176848480371,-0.045617952350201316,-0.05838406628110576,-0.006231619830905144,-0.08202058399819417,-0.016451073295714158,0.006760752819575222,0.21568166298700364,0.04303144457100173,0.28577566589719444,0.01929903437304825,0.07802626570073257,-0.027979489066976393,-0.05543386058712724,0.04560504345527751,-0.001234466332718608,-0.009348951011484113
0.12,0.11871340301685612,0.050269044996368695,-0.009644921250675252,-0.036993405313062375,0.05403403963696787,-0.0524264183460859,-0.10570444211913606,0.1724043623264298,-0.09850811696030937,-0.08131860739934976,0.00039487435106641544,0.05442920837384338,-0.02932926975663313,0.006190323877051596,-0.0571974587846721,-0.032252248420609725,0.021947445686631678,0.060197515000131055,-0.07561497171389363,-0.17042614845588383,0.1919862661194861,0.5247944366647823,0.08977438499519315,-0.12274635751205898,0.13918781339417519,-0.03646784763908928,-0.07894554962930805,-0.27438248629569,0.011431774322491206,0.04533412947918011,-0.19032022250400804,0.09928562611717104,0.103846986706149,0.11255266090474095,0.07823819234216309,0.15906294690017092,-0.1624169245334841,0.04638225238957664,-0.17900911622177343,0.1933200236626304,-0.10170784572701184,0.13165973606086853,-0.1306511935265222,-0.16314905919974446,-0.14601549326274654,-0.11978397042589055,-0.09402020351988644,0.006121870861442081,-0.1252940245874038,-0.02305387561662782,-0.13242092263440458,0.19511135016440534,0.12049334972957598,0.13644350403923106,0.06858311287310953,-0.03090802098142824,-0.015293857177322033,-0.08074128011298456
0.1,-0.08291821360620295,0.026886367471548864,-0.1803072682144493,0.5393438629844409,0.13493703360616266,0.23066013694863977,-0.01623353615244912,0.05983926038893529,-0.06577148863477361,0.02509313599388418,-0.007394894490976543,-0.00023119851453530516,0.030446240053261856,-0.03254024831663301,0.024927806782518564,-0.012195895075049479,0.020785905248066665,0.028349468964870173,0.033322486403704873,-0.32979011151364446,-0.13012069428467615,-0.19917967105660245,0.06466361995305081,-0.057420205399105716,-0.042689605029125555,-0.06598830798983288,0.01157148412278352,0.07545449897271927,-0.006006926772682858,0.003197595555191529,0.04167908992217989,-0.021580242666458194,-0.02280928364123648,0.02060577418570321,-0.001474247512486454,0.09907114920350886,0.08185772559386664,-0.011925350225028108,0.12170847178211064,-0.13694071420637974,-0.03423600974104604,0.035996137069570534,-0.04829979739245971,0.08278270060975622,-0.05799968155932321,-0.38929116607253905,-0.037819614557458914,-0.03914577133733868,-0.17789698277275132,0.11890606720198799,-0.30292471287148054,0.0826466809379986,0.07706876143923798,0.08446860333807828,0.06153294869483624,0.10777021031616714,0.03645145673867855,-0.04062849631143722
0.09,0.1653542275523416,-0.030549388624104258,0.08079173281646392,0.013764062609067984,0.1990967033934923,0.12651303401840833,0.1258149555426858,-0.0727832623786201,0.1373513515094405,0.04695300213253276,0.0021271202535320666,-0.034853701520781766,0.006048354268850996,-0.04927912853930512,-0.006016648621663934,0.01489957049766729,-0.14679087213721112,-0.033412082729588025,0.020487331179299552,0.03871936711905431,0.09600826421689149,-0.0788571830366149,0.022782634009628225,0.23921431454921088,0.05917866295457289,0.021525501220456947,-0.04451344627069101,-0.2517648902362117,0.01656843876270732,0.00985230226187711,-0.08701478316251365,0.1172105541351261,0.12241409110750591,-0.04918869103756321,0.012529332327544912,-0.09956976437089764,-0.04251578983227192,0.1157843196391073,-0.11286648806855143,0.10698036033609495,0.1392328045824682,-0.06099252291671514,0.15983532829550917,-0.04369535578978247,0.21382513392403313,0.13561152599951443,0.13163753054573438,0.04670206435082669,-0.30359470263327676,0.08984222516063761,-0.43624883422243127,-0.12439143937344908,-0.3328289618358096,-0.07788635828730396,-0.03553411025891141,0.09512937305686507,-0.0015661152529641079,-0.2005185906410843
0.08,-0.5506815621319112,-0.018589813246213754,-0.021410857504844436,0.06702877733036927,-0.25608592895424886,-0.0201885007087311,0.12819862393174825,-0.17850319231171852,0.08741702603958465,0.034061514811404126,0.004997183769685554,-0.007641328052218455,0.08115995715333874,0.17821561619448906,-0.005661000913686695,0.0175675144987165,-0.04590286180749133,-0.012075825457325426,0.05862331667436513,-0.14165677001899876,0.02512243289948901,0.29050820582177284,0.024982199298292374,-0.009194285453874712,0.049609254185370516,0.08522976525543495,-0.028975515569631106,-0.19306997431103895,-0.0024734409776885624,0.04501663764085568,0.022615861017253165,0.07200541396567085,0.07621399322496791,-0.07631007962074315,0.03409428839498232,-0.03873025599449428,-0.006401580997809464,-0.048120273385926116,-0.02748495877354321,-0.08589415479454272,0.08223573215113897,-0.09081126181937517,0.09931621629166887,-0.0019345106640063746,0.1262040026854185,-0.013564338482674576,0.05104906588217997,0.017553696201919874,-0.09383417187725546,0.010280655764774455,-0.11612038677808734,-0.06405652573201706,-0.0304783691421341,-0.026871349034777274,0.03581914998728917,0.0005159111590646408,0.0002880543392312033,0.514212181889376
0.06,-0.003005970944389661,-0.00516392673273108,-0.04131679893216667,0.028031874856254996,-0.06193755783213062,0.013374197787873897,-0.024341038767995794,-0.012938565634374352,-0.010340894891890362,-0.009106759621390554,-0.001443245484425914,0.004999180950985394,-0.03760856185741982,-0.054751824517166425,-0.042914575146301974,-0.03514520138839858,-0.5998752909842576,-0.043084508808414544,-0.006243753817568431,-0.038530925513449873,-0.004276744271835111,0.023509226224118912,-0.014271750429779625,-0.060084718100915466,0.017181983166239524,-0.023075947803485906,0.03230758674799599,0.06749112222812916,0.022424435182242103,-0.055766120694306975,0.03238103236377283,-0.022498904256368617,-0.02428531393984433,0.004332779533703063,0.02313531470846684,0.017178490208412278,0.022372012172769427,0.7573766434639755,0.006464322525599364,-0.03337477237283755,-0.022437575084513068,-0.03416047225793559,-0.019859059048659814,0.02132978768743271,0.028304032300040513,-0.037666999816230104,-0.021352157994938725,0.014035179506710689,0.05809562782778525,-0.03517938735932173,0.08809800483210412,0.004763151606249114,0.0855511190540003,0.014737354473007641,0.004947145265801825,-0.032733463687288175,-0.005725949280899111,0.05111575613468898
0.06,-0.25878891717443125,0.0035924054766655056,0.13319702879147854,-0.12967495161575332,0.08015651580799614,0.23779515690489858,0.02418082464315522,0.6197210292463514,-0.18743876694682496,-0.06701103558698582,0.0037663017329216987,0.0069686390909947035,-0.029447219736077015,0.06582586520867324,0.0010876844272036112,0.0015089322526660731,-0.01176264591901427,-0.052216994605755476,-0.01701949385058707,-0.15230301580403474,-0.06208851950430547,-0.03321156198284947,-0.019531136429286777,0.06117665040441114,-0.03402390072844083,0.004186485029990666,0.02762640789457682,0.03425157373249227,-0.0047750833980811855,-0.022772693813892825,0.026701797052038456,-0.01822691668832366,-0.01721970289922073,0.16472346760425033,-0.04497126717154772,-0.10157386820469747,-0.0015538623388876571,0.03225287953212003,0.06456416842127516,-0.04266352772612372,-0.1845022103853972,-0.069367315396999,-0.1910654511341943,-0.0006125746269161425,0.0129033240873591,0.3638436096751542,-0.05226695419538073,0.034570854648113915,-0.05066254599277331,0.04564037546222281,-0.07492671540338561,0.04879205451278849,-0.09321870103887697,-0.11193072458040876,-0.22137035231071714,0.10346672166558328,0.0704749956296134,0.09300992189154118
0.04,-0.23593278680804064,0.014375139709148665,-0.061754951248060075,-0.2722206992351949,0.22653907684635216,0.15605889586171023,-0.2773618636246825,-0.18727954798801116,0.02752249136933496,-0.036448688101665155,0.0022868224450419555,0.00047494352773347695,-0.04717126279691164,0.19320869187461345,-0.15195633879142512,0.04235470254343676,-0.044126839920998584,0.057214814582402546,-0.02935150735182379,-0.12604018708655806,-0.06485622182809327,-0.020797473182643758,0.15156065180515135,0.27015061542804064,-0.07505707913940943,0.0007679281877726596,-0.025769718085224713,-0.006244509123499422,0.0025800878659384685,0.02169708251121627,-0.016897661003974662,0.03877587531008539,0.04066912920179208,-0.07363499231106817,0.018157747857174035,0.17984179815163898,0.050169986691901924,0.037653765683949986,0.05445405505146063,-0.037662971240374016,0.018227718710365243,0.11171118971622293,0.008547640752614688,0.04754483304049562,-0.22493216855419731,-0.06756711489554419,-0.06605898276395841,-0.06695900632032159,0.16741074478728404,0.03256766316645268,0.11184698920403761,0.1406332622368061,-0.4708072226714175,0.16810202025948123,0.09212012481434047,-0.04377499241519929,0.16641252756257005,-0.06505767805713665
0.04,0.22980535259135104,-0.004809215637431613,-0.44760419203872026,0.30815797180565924,-0.30016385523533723,-0.15897388160984788,0.12785010154862386,0.2342250674001481,-0.054913772132175576,-0.009501597457853714,-0.0031601220636095356,0.0005163311405110699,0.14054880521755186,-0.03203999499726224,-0.18104703315004855,0.0161515325790981,0.028189564656068755,-0.027654132984755664,-0.010581045316813337,0.038877393291628815,0.059953802622545904,0.12821729235260987,0.14843842891367795,0.22966966204192973,-0.047288954908767555,0.017929478961097686,0.047273395732609885,-0.050080108479737206,-0.003935640689913179,-0.000704970781883571,-0.0005583687222068257,0.02092996874145117,0.025791900934057643,0.12430976821828812,0.009899472167001516,-0.03683618195886984,0.04157718103130936,-0.006765783657549582,0.07167755060076933,-0.013185100219125556,-0.03499878467267335,-0.04824292890380519,-0.04129503263369996,0.04266317949292539,0.0664519411717838,0.002754773086283961,-0.032088148879311024,0.02385190996517867,0.18049062629284243,-0.11101479246888166,0.10257053813036701,0.01045344874908221,-0.4385282478628363,-0.03924535148650224,-0.023562979141819568,-0.06544729102766217,-0.09775444659641933,0.03250312283907186
0.03,-0.20780138597895081,-0.00395099043274888,-0.27968106924329955,0.05449137893055432,0.16517971091569872,-0.08592602389463035,0.035022698460066004,0.02865939835639074,0.0058755212628612274,0.0003965967183647279,-0.0011680161192687277,0.0022513078603839942,-0.37413515768484007,-0.29935499745355637,0.6973459444220597,0.010414323362360704,0.0030730631538420164,-0.01757993724509474,-0.01260527422282165,0.010846027598539323,0.03883636102042966,0.0875108779310108,0.05555016341339336,0.04710982651741846,0.006458309937097329,-0.008006066815271572,0.03382153919132283,-0.05081638732945826,0.0056321006195552414,-0.014005073286289409,-0.02897606011513299,0.0035272008884096595,0.006869313100310387,0.027926143278608748,-0.023554804683157238,-0.012459649838814313,-0.015459018482096694,0.00019934776349025962,-0.02842707458044348,0.04170330502218275,0.024075508690299896,0.018661024895664013,0.022331711803623856,-0.014508224545187354,0.06363449426591067,0.01480064618683015,0.025748003775097172,0.018924983853536026,0.10467914854361413,-0.13201911784146833,0.05423682567608608,-0.015398894976854344,-0.08476293639116039,-0.010893395637785852,-0.00495241906197369,-0.09166888932967499,0.20612148938674607,-0.04305665425861553
0.03,0.17731842671327983,0.0067709811324108,0.36098145939807913,-0.05927786724717829,-0.4494887952191414,0.04959739754295251,-0.2768992184524135,0.016298072662602442,0.042611299466872074,-0.07198685071295681,0.001131287913492568,0.0019501322082383782,0.06934703270641465,-0.3110442326792416,0.3611522823018504,-0.10902765002155469,-0.01962065785458978,0.09385553398560717,-0.006862748016997336,-0.09826510073216188,-0.01625883612643378,0.02945078520556002,0.09099016562450211,0.09661279943277463,-0.08143422213775725,0.05803299637514603,0.05979722223217576,-0.05195190284492246,-0.008502235276318534,0.0006378293335843749,0.0615613425379439,0.0030144898106253953,0.0045778140478707485,-0.02448463781271453,-0.06116641097917816,0.04165821648900679,0.0768945577924606,0.0066375239772682,0.08628161061731865,-0.04304926758280754,0.02883229958937185,0.056895701310365865,0.026787555691945374,0.07385809657810566,-0.14848877061786372,-0.046221739571964855,-0.08586954246999876,-0.11667338258746511,-0.10266681311246646,0.20776990312376234,-0.021139233503486465,0.05388997091258353,-0.1956935696599162,0.042531968346247576,-0.028152102166093942,0.11739056331447906,-0.2017194279804988,0.12406856947630662
0.03,0.02062964831117029,0.019767477745363915,0.36171103926068165,0.262784011207257,0.012392067185633081,-0.5933840263413259,0.037645960773796526,-0.006040468415312145,-0.08927890335572321,-0.049533586554728046,0.0017353508261933291,-0.0009328899979577903,-0.44274750866321094,0.24572758291481625,-0.07034889845877418,0.20235857097614038,-0.0015012765855993053,0.012496875884470654,0.018298683572323844,-0.045849677105595475,-0.004862527208639915,-0.058491889993237484,0.042430351806285266,0.0536731430394432,-0.05428048191370287,0.015040632372528378,0.013405185942933207,-0.026823986746393233,0.00362265923202308,-0.0015235637235645957,-0.02137472126543215,0.0074787214936998985,0.005851739092294389,-0.020463413902483407,0.012904304685920132,-0.035674216967526845,0.06462552661072987,0.052578937890773655,0.10109788935547498,0.016028217218972022,-0.0744535208051913,-0.003443998315610264,-0.07746115502893493,0.05947718763760207,-0.050041648058157584,0.008000448453873939,-0.08625969276475134,-0.016951240433597345,-0.14032568131114784,0.07951808483907385,0.0342534915958295,0.00044909750121725463,-0.11669063449106148,-0.04155256003242555,0.05506215108986655,0.09616362223352656,0.1341761368349504,0.0035348065913239357
0.02,0.07084424539071832,0.010173665823542063,0.05778268163557457,-0.055499715471649474,-0.03168493797996286,0.032404669518777254,0.1423425055790517,-0.17208612573119889,-0.0931245923637033,-0.08280706535958167,0.0008432310640237167,0.0015003106814023628,-0.02075046837172015,0.07227389320934297,0.12461391406905038,-0.1790465452752647,0.01588805178831804,-0.5459512928124586,-0.008708440867870223,-0.02721646526362131,-0.020864400091966495,-0.004709702555012268,0.008624906410748687,0.03876574522590467,-0.015228851057595513,-0.01399946043027682,-0.06566183659374175,0.052010334283555934,-0.0034825374405012127,0.0007119990595410852,0.02337014868867998,0.01894597395887743,0.017204544897922294,0.006638046340672488,0.05528409121942782,0.10217797187286591,0.0031965753264275934,-0.031510007317889985,0.04151434592835945,-0.03476103895617483,-0.10088147241245703,-0.051888720930060125,-0.10409648907426786,0.002680867255561055,-0.09293865930247419,-0.0461181303521377,-0.08458846432370995,0.6844356203460886,0.0015063285249657735,0.05246716552765376,-0.021519776449409278,0.058473538045092435,-0.0689019903129708,0.0846976500740706,0.04062273884645584,0.03401700262854903,-0.09386917690791108,0.013956863946568109
0.02,-0.19256023115957496,0.0026950427412303773,0.11918121952539956,0.030066610984720382,0.2777107187954169,-0.28869412218738,-0.1356069184291852,0.02048183808260194,-0.01673739408925287,-0.03458914107466446,0.00084970693541353,0.0012766298457554393,0.4410897296622692,-0.5891293014813382,-0.16836329400103917,0.3192552696284571,0.007418358783280732,-0.1299229083819436,-0.04153228274027196,0.0028930007864065507,0.007051907353542303,-0.010198226387289816,0.03766678513865124,0.0017164595020809081,-0.02202410729225804,0.020525109526093127,0.06063312157963374,-0.05807881932266653,0.0020761021399387097,0.0014518085238678924,-0.013848895472164946,-0.010057777092880055,-0.008892069831735676,-0.006029440605208391,0.025705450324559648,-0.04221340387378297,0.010592010595942607,0.004110949838792635,0.015634221556442528,-0.024733628433541405,-0.018494859258797763,-0.005855341489291514,-0.01354177102395223,0.007037137835881169,-0.02216251041059268,-0.008421768776504121,-0.04431325085006096,0.16441993500652227,-0.046068046284783705,-0.004437854231072499,0.04999932947043689,0.0020896900090569687,-0.016413895820752922,-0.04044431897946725,0.08795571788832973,-0.008802621833713248,0.11439716847246506,0.07404832026965869
0.02,0.010903526339755332,-0.013227792285226497,-0.04569336115445534,0.057941900912851556,-0.23900793513033455,0.19391778306285962,-0.5527563349453148,0.17230215663672938,0.16924314263801457,0.0814445253731554,-0.0031938774432350783,-0.0007201286833482127,-0.2700305580775506,0.0696001590804442,-0.13673747709838557,0.35247794649708103,0.00891223145906566,-0.21461080966355095,0.0383629021940157,0.0024465782734610767,0.033277128874026105,0.007544749045325816,0.01007532691449943,-0.05496460964820578,0.0006263624368257285,0.03316884703957415,0.12434150182776728,-0.09232820840333023,0.004709303090795983,-0.017649515877994584,-0.02288743239374575,-0.031939787315727386,-0.029049962525315127,0.05619564269178115,-0.06617794049175418,-0.0933824346566108,-0.0017362699317982622,-0.05374572981114362,-0.055806158452574195,0.018258697914262767,0.16830584857737013,-0.005568499484615831,0.1817180603537943,0.003099125989209403,0.09672487276363384,-0.10641112748747683,0.08143392636738876,0.27281977451570927,-0.011149622492774472,-0.0466848100407008,0.030195405767474433,-0.058732371858858226,0.09923759248753256,-0.06911525055603754,-0.054305477203474437,-0.057770564813038744,0.09421906993879581,-0.08017832932575064
0.02,-0.08398367510028289,0.002189432126783415,0.07520892590885953,0.15306269014083462,0.09487354874153715,-0.24533932368299258,-0.3390254774632992,0.14238768973021557,0.05957990128979504,0.07092008650748471,-3.279359658329983e-05,2.9891691568487144e-05,0.3054018329180563,0.23188811325788117,0.09128858064290794,-0.6573346319444178,0.0011978147873363681,-0.043255326493835074,0.01681364448164386,0.049578759618982546,-0.004832086204927557,-0.016794539533420437,0.05411560249533372,-0.00502183258489404,-0.016504619440875667,0.02918539332439192,0.09735124410998985,-0.0812349108571247,0.008707127499508496,-0.003192974595233107,-0.05193759026434065,-0.019781322752454505,-0.017320787348388156,-0.014723132902405872,-0.03996439615766685,-0.09008710889238872,0.021191637346011538,0.02171506225636,-0.0024188480190862616,0.026302110256436695,0.0702844284149454,0.02051027072003636,0.07526027399760535,0.02106801295245797,0.07613039574313109,-0.027744860428107893,0.05181056015697423,0.05441448064936194,-0.0682099921942028,-0.08554759257598794,0.08362677992729808,-0.03976155989901215,0.0018264776977537645,-0.07693959950700843,-0.019612661361693567,-0.049817869069406655,0.2433666505920486,-0.10521856875256932
0.02,0.0413191000440378,-0.001330325753702219,-0.255736463123905,-0.09281297914407718,0.15755137298480454,-0.32924181706684574,-0.11669756666970299,0.18201579759247064,0.09456892982154994,0.22530819360950882,0.003114917802391752,-0.0021333949291934273,-0.03496141008969789,0.028578568318047684,0.0067700064879653715,-0.014233987469693662,-0.01241999413080934,-0.052723636767442655,-0.03124344643481408,-0.016829427941290824,-0.04293810231692757,-0.0037094979320555325,-0.09501940828619512,-0.008597254052249492,0.08717276817636185,-0.03903669524834119,-0.17080248867509762,0.08892089477050519,-0.002252370444109371,0.023399877743115985,0.03364568626691559,0.03146642412452591,0.02579478171795873,-0.18922869175526513,-0.1879043939680861,-0.0008746070236677617,-0.00861632918084769,0.041984653425770416,-0.05115125459561222,-0.013810078217330518,0.10140563229961672,0.22508219866054552,0.09011500598049707,-0.015220071689979742,-0.1958131620582933,0.02147286428125418,0.17389673722585017,0.06558315297537542,0.22289429859149157,0.3583643186057473,-0.20470751774123924,0.021153761760476092,0.03152437702142655,0.008632542088796172,-0.22122870444589798,0.19358764739395654,-0.21740498875672107,0.209726088953221
0.02,-0.05577320446868812,-0.0013330024047189283,0.12994887073449177,0.09036518298220239,-0.18111606314134607,0.15230617618611578,0.3332364207409197,0.11602096137839028,0.015093196273533463,0.31727639047920697,-0.0016082619670061832,-0.005864700133810068,0.038673171039197936,-0.04833372676062839,-0.0281259013971804,0.036032271359543525,-0.03534465438455324,-0.049864344053380305,0.028624417763641843,0.009221110415012737,0.0364012055594546,0.03753462749741169,-0.005629489408574887,0.017132271061726975,-0.00733582861116424,0.010604977029376177,0.030201025184246028,-0.029732915269599217,0.01383774889101054,0.024894958923769618,-0.05635889790268385,-0.010385661040077772,-0.006750340263109819,-0.25886926702626906,-0.210557257870367,-0.0924547555809862,0.004640364626123328,0.0253658677293185,-0.014074146563464396,0.006733364710324208,0.015450254851206394,0.3685322377767102,-0.008717646272158205,-0.00214917109832502,-0.4697061592056294,0.005617647458512162,0.20841678476372671,0.05992395523384676,-0.14124982236889527,-0.1454449986735291,0.12694208233772356,-0.02171738897823286,-0.03904582383884807,-0.0835219785265208,0.08150231226498723,-0.1350242181943727,0.1991860619030953,-0.12373354563674535
0.01,0.10442907192442387,-0.003848977737566213,0.09996178748942697,0.029639247855366146,0.28481141116083686,0.05804876960314229,-0.16539709442809217,0.03180320933408608,-0.059928457991921986,0.4342482652936228,0.00048304009886912525,-0.008190553649153026,-0.08585684360714241,0.043166116912388044,0.0751275748821003,-0.01275936823795984,0.004602167728922579,0.011418297308213338,-0.025770417569204063,-0.05827557176909691,-0.037118968303810534,0.04043019700318268,0.05934254313361634,0.03746121470649867,-0.007413991841230604,-0.007397461701545765,-0.03473421256294956,0.03830896951641838,-0.016153670498539927,-0.010333117329798691,0.0846981869432355,0.006159321347004153,0.009389422940162935,0.1489112575826798,0.10134330159932148,-0.13727488571179178,-0.024473844211991485,-0.005521633331346809,0.00456784326233501,-0.03377652089650905,-0.06982463571627583,-0.1748679522556812,-0.06403253546564316,-0.018334025569770984,-0.05172956955348662,-0.0037405124235640897,0.23659464995132803,-0.012538554556746323,-0.10090626331087393,-0.18326717213103572,0.12043563678470827,0.05371250494606089,-0.08767263222844283,-0.1321594724022037,0.383412407314464,-0.12511765959943666,-0.42920835492960907,0.2247126293710755
0.01,0.07985176487061788,-0.025157169354123484,-0.09709222852017368,-0.05639649186650951,0.2596660907397658,0.04587663728720052,0.09968143043961145,0.06435178117399187,0.01873723110878993,-0.32730684109480956,0.002844461612095575,0.0065610336290315985,-0.06619558568921376,0.09979109508037434,-0.009515186646073481,-0.026916276837475273,-0.00934133065522369,-0.016589263426777023,0.003863770080436868,-0.014212957233326162,-0.050855993001559796,-0.023106948390988064,0.1454890095073706,-0.056973802135987975,-0.11252619027009818,0.10881222305288837,0.5091780877018974,-0.34560844844504257,-0.0008798725702298255,0.027512397859501325,0.01588845937145658,-0.10387493490511956,-0.09667501366805382,-0.17189582974898118,-0.1275468855262769,-0.09892461387834023,0.053489087939377934,0.009924231756488697,0.03505783437508801,-0.0013751725417362332,0.08000416974602527,0.15686558345979837,0.06985914633505376,0.048966646067708654,-0.13032809699346254,-0.0013076170526404862,-0.19251441423978188,0.01801905977809788,0.018697497971227037,-0.021610108510300596,0.005675500991642395,-0.1793677153473371,0.08723226493595487,-0.08908698523413455,0.10472150540318167,-0.03897701996441162,-0.2983810840876979,0.13813800767390266
0.01,-0.01615598507338312,-0.02113945645797327,-0.05549473067541695,-0.1479631013971356,-0.06362871896333566,-0.07916977718177656,0.11450950336199955,-0.07103155422181229,-0.019951863933751045,0.34958255969504654,0.0007058478161988888,0.004058324253819932,0.00970306434110817,-0.013902427717151604,-0.013174511034105801,-0.010668799832665929,0.0077653496711321615,0.01820725878066963,0.014671674284155445,-0.0005055718905601567,0.02407515436822611,-0.02195561970629986,0.06725669981313169,-0.03407110288861615,-0.0489915198370012,0.0625017777210013,0.4104089111066896,-0.2493012146272874,-0.0041337990001049825,-0.03302918889083707,0.00044230288720441616,-0.09830167155531606,-0.0931445589936013,0.27258778304274756,0.23373032084456047,0.13010660175725933,0.023968099584635204,0.008812558447744187,0.054501170274234984,0.027714034123013695,-0.04122356190432187,-0.35733695992674797,-0.02417514473599943,0.03175334631720256,-0.2844021142176144,-0.04997614678968576,0.20105652529942583,-0.01506112975354243,0.08775765401816579,0.2008467899371016,-0.07180806475890816,-0.08445359957432239,0.06518924213942104,0.11757099468055797,-0.1707171281131309,0.12569983790601336,0.14491538713737717,-0.09663869792575115
0.01,0.009010923453053278,3.0246193974152544e-05,0.16556121771011598,0.18938607524644782,0.1970521865172094,0.006981039387589959,0.019336880610622043,-0.004273518447404886,0.08867644860823973,-0.00117355714617845,0.0033800500425269497,0.0016814110206424555,-0.0075757978078986165,0.0059935972591264215,-0.0024281033100334633,0.037465822724244716,-0.006220608506182029,-0.0036792120710720487,0.010673672805197872,0.04858380237604148,0.022533126320679227,0.001692826902311817,-0.02684086967448064,0.029728123524771343,-0.01938348610707351,0.011677157859930468,-0.006130005939833719,0.010019224033848514,-0.005198139793062426,-0.007854336870997548,0.03607258489321099,0.0017458700790640574,0.0021936597588522594,0.03488642610959104,-0.007730331909541164,0.2756192254475288,0.0009275218047333639,-0.012391426900601465,-0.025729869068215047,-0.006185165003521016,0.097103517512935,-0.033534975782810714,0.1049158753646608,0.005072619853496399,-0.09504238808234604,-0.03430245667194146,0.019841493513219628,0.004744583856923347,-0.16847082724384796,-0.34536175920740275,0.12679610709320616,0.007958741756171398,-0.06202427083921292,0.2620874072028083,-0.6570703683923391,-0.19756842246265421,-0.20818915799830365,0.14330841714886264
0.01,0.02573314456765743,-0.006523083042485368,0.017938821258044482,-0.03510919777453573,-0.03111930765592247,0.01719582831757932,-0.0954300110107541,-0.15723600325127238,-0.29972040312584153,0.31412215135790333,-0.001088602026861632,0.0011217886328684507,0.00013217710018868095,-0.019562847662141954,-0.01713013607156022,0.034080639713153255,0.010937686891918125,-0.01331283112436038,0.015619102791551528,-0.010264781785591204,-0.0019490951688199282,0.006268127931493617,0.07921486123390614,-0.0014614657725728342,-0.046730615504444406,0.03717476642814785,0.2066476178408875,-0.14298059302736207,0.004113760359580526,0.032049545399795515,-0.013200640075930109,-0.053380112785835224,-0.053648102719291435,-0.21909175723524923,-0.12013964687250767,0.18605321163982297,0.012724728029271127,-0.008167889611435972,0.0818934778714662,-0.009135505050773415,-0.23980052216944672,0.34751151793349355,-0.26911542269061783,-0.0014456825752859337,0.5292943615509489,0.06143780925929962,0.12236077868212268,0.0077610457931451896,0.023155305615497,-0.023634506464987826,-0.005647379572187333,-0.007341159539324182,0.001697366853091839,0.14123644080186998,-0.11329043915570906,0.05291978196000208,-0.03443736547679517,0.0014278239062064518
0.0,0.00421675695088161,-0.0080622060155095,-0.05389844379175576,0.030822396460395814,0.011585265233770866,-0.01999280282091999,0.0493383901169243,-0.01347012097806815,0.20311809002103262,-0.02419616553265816,-0.0008651403472407868,-0.00035808573675491333,-0.004180924545882492,0.008288248683285183,0.011510188609981131,-0.00817370438339355,0.0016487769003826341,-0.003161542383076199,-0.007564798747850411,-0.009384690321619576,-0.007910620886655853,-0.0009158542623118812,-0.6408843062294773,0.05695690110487202,0.004959323220324732,0.009586414834730606,0.2607828125771504,-0.12972026685274266,0.0006084189753657043,0.005317692391026585,-0.005655533179180994,-0.08959004299861603,-0.09753137884480685,-0.02256985590188724,-0.006664956309811981,-0.042476056001548815,-0.0047344770444825435,-0.0063624266713970395,-0.008041524142635592,-0.005641170018591872,-0.030316069093661413,-0.0021226338039880555,-0.02644234903498193,-0.009125529819327668,0.0938239862030325,-0.0212371975888311,0.023109653620662293,0.0023820611841771505,-0.1020395358257984,0.10104798114277388,0.0849373510694535,0.6112405269400883,-0.1109679942851652,-0.018587925402733213,0.03588614562160357,-0.06615187836299494,-0.007714054549189442,0.01351262703598674
0.0,0.0018863113734095141,-0.0022667883567213877,0.23203803887763136,0.05886121056689493,-0.039842338433462576,-0.01327335697189684,-0.021903661396913198,-0.014498803701641378,0.06472533229743517,0.0010546283595013178,-0.0010669465974933365,0.00017541581600511455,0.0135340462115272,-0.008298838056567146,0.0014137172092168774,-0.0034010953190852025,-0.0042137596116928275,0.0015161559164305807,-0.008843030172148013,-0.016644753741223192,-0.014833340319103433,-0.004538726514012714,-0.11217564447840489,0.008082807192873367,0.0006189545483213169,0.0039367681289185635,0.062037577941531835,-0.036338047108810445,0.0011591596796335507,0.004134028799221992,-0.0076312818443053515,-0.01599242886902487,-0.025119648458072623,-0.022074977004943243,8.450046500592737e-05,-0.02289074708126912,0.004481331239756362,0.00193689543761549,0.006510297599245362,0.006404609239417158,0.0018993629037849565,0.00507760995207044,-0.0017828122311678227,0.00574954534003147,-0.07124670769825292,-0.01957147502748896,0.006045275998017195,2.948835235085101e-05,0.5158495819991953,-0.581370980588511,-0.42615067093754755,0.11626715114331,-0.013813990328423679,-0.01460737594619528,0.062025330361944166,0.3258034416708394,0.005935801452975578,0.005600034032032936
0.0,-0.0037212820013173245,-0.0006215529341467528,0.25141813352109066,0.1379157087258486,0.006842835134901349,0.02084867321768192,0.01900182535020254,0.020950715355977003,0.026357710082380574,0.007428747875729185,0.00019804003510792614,7.56345824341597e-05,0.002797282970546446,0.000495113180258213,0.0015075999555608718,-0.005614822633889665,0.0038036519800770004,0.0015964774532914207,0.0006212253722582342,0.003985793345491841,0.001856022577703155,0.0032335766193975143,0.011680020876345579,-0.0015791656284214958,-0.00845111537769154,0.0011488708838812978,0.01904679378032642,-0.007272361468169647,0.00017668676671370176,-0.0017812304635810572,-0.0020452212706630335,-0.00621699297752043,-0.0031247075444533756,0.014394508022737576,0.007700739026903797,-0.007543565994641019,-0.0062416904313555704,-0.002512289053308074,0.009796456945162228,0.003980286343423116,-0.057535057386413374,-0.0075583042804812095,-0.04350967832643479,-0.006187915554780071,0.03767214600440614,0.024678366822373524,0.001129314108487392,-0.0028319984986273474,0.4028932589775708,0.2758965055901901,-0.3195140859287108,-0.017019257978245828,0.0002453951764222889,-0.004243860262879403,-0.0045829517976686,-0.7524704094155541,0.004396172644831525,-0.006529064277065129
0.0,-0.0018134823109715406,-0.004052895600830539,0.028135349511677045,-0.00872412121025631,-0.019599608984382573,0.0039517407771503706,0.00535074830396425,-0.018019092610080712,-0.7846175971697594,0.016904549087017814,0.0006940882593063987,0.00011619830367792534,0.004458198179921108,-0.006494188302699554,-0.0051780805858201604,-0.004157495168293052,0.0022986072848820253,0.0002585265460906174,-0.0016245621825215287,0.010102591147685209,0.011513530226561722,0.00800286347420838,-0.1085224247300777,0.007642625708984371,0.011223868416221,-0.004416852001648756,0.02382453985819149,-0.008309015995723368,-0.00047509399653358764,-0.0003184194195252066,0.0022856522917204664,-0.016271963861794803,-0.007191663475398846,0.0028493383168845254,-0.007855172513171194,0.02044937836773504,0.038694860213439625,0.008827600998559011,-0.07007294237621361,-0.003879986564275184,0.4080122555626236,-0.0387400996849535,0.39262020745610476,0.031002051769007374,-0.019703062610814906,0.004934292339577484,-0.011922112873671273,-0.0008085250953522929,0.03193340883437976,0.011122441800535662,-0.029607013598092077,0.17467651822668206,-0.013405216433413317,-0.05828440168566271,0.007097436164951718,-0.04671259492034315,0.010300467632041121,-0.004282462142591537
0.0,-0.001089488266804647,0.0003862624213688728,0.007128060058179908,-0.0014648108968091113,2.82081074671123e-05,-0.0011507983615185392,-0.0006945032995005064,0.00043199477486872756,0.023592939251010855,0.002903834043658022,0.0002576939660724339,0.00011899165788598022,0.0013677969321632681,-0.002567396315703774,-0.0007895342745710557,0.0021668099340090797,-0.0011611986753459983,-0.0012928056988330645,0.0017451933252397335,0.0008654327956546673,0.00046914019220638953,-0.001544634975187139,0.0024638272487572423,-1.6329150127267211e-06,-0.0006014974478069854,0.00025494171674775995,-0.0007194142025809674,-0.0009613345857585609,0.00047097538535151307,0.0032442423001435294,-0.0007135809189642156,0.002695539288288029,-0.0023919795858986653,-0.026276795736952963,-0.018360994277338172,0.001472995504861861,-0.1340465112594584,0.0015826936182825116,0.02859617899884145,0.0007285020545541518,0.7063777198488671,-0.06763697542373245,-0.6826216305045497,0.09864468198767483,0.010981272421994027,0.004680083277948183,0.0017870529197171955,0.001020959002939404,0.000848198494250281,0.003893932743939857,0.00027240279942600254,-0.002035482827738005,0.00023143077149799518,0.0026718764375298944,0.0005237995789439259,-0.00843276378440444,0.002786337857214216,-0.0019248508473240639
0.0,-0.000609098193943877,-0.0001797140923768141,0.0012250485888038677,0.0007787409696052164,-0.00013099879418797359,-0.0003278308227339237,0.0008842229347182404,-0.0012555617767368915,0.011536838933523134,-0.0011153307371768468,-3.9458178176705406e-05,3.309202669404636e-05,0.0010559020457539736,-5.943206343596969e-05,0.00013398441524601398,-0.0007366503999063239,0.0008132744763211732,-0.00030770776995355615,0.0004686697525433858,-0.0008596273589069111,-0.0002523639869534454,-0.0012883403415522507,-0.0025207552054413458,9.492735161704437e-05,-0.00018532748157543133,-0.0003738662001917942,0.004568672516779837,0.0007632549125633978,-0.0010726895616246582,0.001349211941368278,0.006215593823432064,-0.0626388258129185,0.0601795187877622,-0.0015986079449421577,0.0003664435102488674,-0.0008746457703212029,-0.45569979596790267,0.030031418764014946,0.7253928953558918,0.02400751637410703,0.08960460607273563,0.02396340522032875,0.14126032344679657,-0.47781462508181344,0.0010475508481601961,-0.0012250833452427945,-0.00011973472546958125,0.0003590093383999413,-0.0024685907102763686,0.0007149220746874331,0.000926857188851481,0.0013100241786905727,-0.0005309540822276259,5.348564968630197e-05,0.0011408452280267899,0.0017137543784387019,0.003607973033671153,-0.0028113571118765536
0.0,6.907333345353068e-05,-0.0004527518095171539,0.0021773985018015848,-7.888244550635762e-05,-0.0001150951084560806,-0.002256998835808194,9.33146261803378e-05,-0.0020323608900559044,0.0061967157363531635,-0.001610304032695166,2.2679129247915245e-05,-6.774755052880756e-05,-0.00043603691060413246,0.0008151041230612742,-0.0007020011494972204,0.00021261784234160094,4.612905392481183e-05,-0.00016467808275450043,-0.000802373685725521,-0.0005537806628590923,-0.0003513324071637657,-0.0003357425521824571,-0.0031485453033208446,0.0003187437913457036,0.006327619765679304,-0.0017896812197137199,0.0018424396373463992,0.01486178629587153,7.628607303598964e-05,0.0006305383827844672,-0.000794106655129783,-0.7085353569895477,0.6958177096427491,-0.0016612330199021197,-0.0002032797710126502,-0.0009732443851822314,0.09002767464355904,-0.002524153266863463,-0.06620665598611555,-0.0018953954561553854,0.0006113006328068368,-0.002485833717504604,-0.02661013069983298,-0.013755173115978903,0.001964716993492821,-0.0014766614150704127,0.0001777608826792898,7.684718578476746e-05,0.0023426698481892466,-0.001242701251516251,-0.0030511863476585244,0.003739967883648568,-0.0001964142782304168,0.0015624084024781354,-0.0013592961039609608,0.005573811145415886,-0.0006176796961460396,0.0009690461952664986
0.0,-0.001971017096333046,2.7794738804469573e-05,-0.0004389982394834496,0.001016941590822146,-0.0007869989852048815,0.003755556734576733,-0.0008309580232090941,0.0007803669659660981,0.01025135946226503,0.0006527630279917324,0.00017610756788601165,5.2883727402322934e-05,-0.0004391451571734142,0.0010567698537129345,0.0003563155350705671,-0.00010797367202629478,0.0010181381754059953,3.570730842126536e-05,-0.00035656300689499223,0.00018197725681940585,0.0005427002425515658,0.0008178169247739994,0.0025617447264495025,-0.0009508764117669849,-0.0004984731154615424,-0.00010696580764822661,-0.0016412643004311556,0.0004363778868101409,-9.699486433376037e-05,-0.0007112566656767294,0.00027130224327684416,0.05477986631136558,-0.05282469313310359,0.0036445572352657605,0.0021507194754270455,-0.0019504944450860397,0.6961327792578377,-0.0013384674162750451,-0.00275263088493761,-0.00028079652997910903,0.1169583979644235,-0.02149020485905794,-0.11345798555447073,-0.6945398032502972,-0.0006460929945476118,-0.0003429324520428517,0.0011914238040330177,8.694334790552982e-05,0.00015754032034086263,-0.0023876403892603565,0.0002768748303108477,-0.0037649210891219573,0.0017579606690844296,0.001324239963332658,-0.0006019324545009641,-0.0027365238643650702,-2.9755970693517986e-05,0.0011103496102106841
0.0,-1.4432406835422154e-05,9.817260175539698e-07,1.6830804957894614e-05,-2.7356494254444572e-05,-1.8950113801497604e-05,-6.913087745505704e-05,4.261527876452073e-05,-4.5131626650181106e-05,0.07245248533139459,-4.726388610095107e-05,1.0286488835562716e-05,-4.349218704713711e-06,-4.684954544713621e-06,2.6325383126033316e-05,-2.544615706856789e-05,1.769245461237279e-05,-3.163711834391165e-07,5.372591582635393e-06,2.25719289705517e-06,-2.241230526804774e-05,1.1580496589566798e-05,3.719807961478336e-05,-0.00016414593208636218,3.933213428113433e-05,-5.25283920775263e-07,2.751316497668515e-06,2.7074161426904266e-05,4.409290636624499e-06,4.941316262732209e-07,3.667281226204166e-06,-7.690504455733563e-06,-0.000876253214295468,0.0008380966858919771,9.75391226251811e-06,1.905246659822217e-05,0.6748684662866108,0.0014146529705084537,-2.3502043258268393e-05,-0.0003000271633496025,1.7186199348165343e-06,-0.00016564024716234603,-1.506920913132287e-05,0.0004664105337546772,-0.00104623842349617,-8.648879617925362e-06,6.485151650748033e-06,-1.976939187718456e-05,-7.0507495144823615e-06,5.027317491934028e-05,6.828199998408935e-05,-3.1756251402095185e-05,0.00028877956810378653,-9.254133066190218e-05,-0.7343692110998337,-2.0192432319120213e-05,-4.8528967970997566e-05,-2.139079464901633e-06,3.0479892858384372e-05
